,files,pred
0,test10013.jpg,krusty
1,test10019.jpg,ned_flanders
2,test10028.jpg,ned_flanders
3,test10074.jpg,charles_montgomery
4,test10084.jpg,lisa_simpson
5,test10102.jpg,charles_montgomery
6,test10150.jpg,lisa_simpson
7,test10153.jpg,charles_montgomery
8,test10172.jpg,ned_flanders
9,test10186.jpg,moe_szyslak
10,test10200.jpg,milhouse_van_houten
11,test10240.jpg,lisa_simpson
12,test10247.jpg,marge_simpson
13,test10252.jpg,ned_flanders
14,test10276.jpg,lisa_simpson
15,test10312.jpg,milhouse_van_houten
16,test10332.jpg,principal_skinner
17,test10339.jpg,bart
18,test10350.jpg,charles_montgomery
19,test10353.jpg,principal_skinner
20,test10365.jpg,milhouse_van_houten
21,test10380.jpg,marge_simpson
22,test10393.jpg,moe_szyslak
23,test10406.jpg,moe_szyslak
24,test10422.jpg,marge_simpson
25,test10449.jpg,krusty
26,test10454.jpg,krusty
27,test10496.jpg,marge_simpson
28,test10513.jpg,bart
29,test10516.jpg,lisa_simpson
30,test10550.jpg,milhouse_van_houten
31,test10567.jpg,marge_simpson
32,test10578.jpg,krusty
33,test10586.jpg,milhouse_van_houten
34,test10602.jpg,marge_simpson
35,test10607.jpg,principal_skinner
36,test10652.jpg,bart
37,test10653.jpg,lisa_simpson
38,test10661.jpg,charles_montgomery
39,test10682.jpg,charles_montgomery
40,test10687.jpg,marge_simpson
41,test10690.jpg,principal_skinner
42,test10709.jpg,lisa_simpson
43,test10725.jpg,bart
44,test10727.jpg,krusty
45,test10749.jpg,lisa_simpson
46,test10769.jpg,charles_montgomery
47,test10789.jpg,principal_skinner
48,test10837.jpg,bart
49,test10852.jpg,charles_montgomery
50,test10865.jpg,lisa_simpson
51,test10872.jpg,marge_simpson
52,test10925.jpg,moe_szyslak
53,test10950.jpg,principal_skinner
54,test10952.jpg,marge_simpson
55,test10958.jpg,bart
56,test10977.jpg,moe_szyslak
57,test10995.jpg,marge_simpson
58,test10998.jpg,krusty
59,test11004.jpg,milhouse_van_houten
60,test11007.jpg,bart
61,test11039.jpg,moe_szyslak
62,test11054.jpg,bart
63,test11073.jpg,charles_montgomery
64,test11074.jpg,charles_montgomery
65,test11111.jpg,charles_montgomery
66,test11181.jpg,ned_flanders
67,test11199.jpg,milhouse_van_houten
68,test11221.jpg,marge_simpson
69,test11222.jpg,lisa_simpson
70,test11238.jpg,marge_simpson
71,test11249.jpg,charles_montgomery
72,test11290.jpg,principal_skinner
73,test11291.jpg,milhouse_van_houten
74,test11295.jpg,lisa_simpson
75,test11304.jpg,ned_flanders
76,test11358.jpg,milhouse_van_houten
77,test11398.jpg,moe_szyslak
78,test11400.jpg,lisa_simpson
79,test11416.jpg,principal_skinner
80,test11425.jpg,bart
81,test11428.jpg,marge_simpson
82,test11437.jpg,principal_skinner
83,test11446.jpg,moe_szyslak
84,test11458.jpg,lisa_simpson
85,test11460.jpg,lisa_simpson
86,test11475.jpg,bart
87,test11511.jpg,marge_simpson
88,test11513.jpg,principal_skinner
89,test11541.jpg,principal_skinner
90,test11608.jpg,lisa_simpson
91,test11620.jpg,krusty
92,test11688.jpg,ned_flanders
93,test11696.jpg,principal_skinner
94,test11708.jpg,principal_skinner
95,test11722.jpg,lisa_simpson
96,test11727.jpg,principal_skinner
97,test11748.jpg,moe_szyslak
98,test11805.jpg,bart
99,test11828.jpg,milhouse_van_houten
100,test11850.jpg,charles_montgomery
101,test11854.jpg,milhouse_van_houten
102,test11857.jpg,marge_simpson
103,test11919.jpg,charles_montgomery
104,test11932.jpg,marge_simpson
105,test11949.jpg,marge_simpson
106,test11956.jpg,krusty
107,test11970.jpg,krusty
108,test11982.jpg,milhouse_van_houten
109,test11996.jpg,principal_skinner
110,test12015.jpg,ned_flanders
111,test12039.jpg,principal_skinner
112,test12040.jpg,moe_szyslak
113,test12045.jpg,charles_montgomery
114,test12119.jpg,ned_flanders
115,test12133.jpg,krusty
116,test12179.jpg,lisa_simpson
117,test12181.jpg,bart
118,test12228.jpg,principal_skinner
119,test12265.jpg,ned_flanders
120,test12266.jpg,charles_montgomery
121,test12294.jpg,charles_montgomery
122,test12296.jpg,lisa_simpson
123,test12329.jpg,krusty
124,test12334.jpg,lisa_simpson
125,test12350.jpg,lisa_simpson
126,test12388.jpg,principal_skinner
127,test12406.jpg,ned_flanders
128,test12408.jpg,milhouse_van_houten
129,test12411.jpg,moe_szyslak
130,test12425.jpg,marge_simpson
131,test12435.jpg,bart
132,test12454.jpg,marge_simpson
133,test12458.jpg,bart
134,test12459.jpg,lisa_simpson
135,test12484.jpg,lisa_simpson
136,test12507.jpg,moe_szyslak
137,test12509.jpg,marge_simpson
138,test12544.jpg,lisa_simpson
139,test12576.jpg,charles_montgomery
140,test12598.jpg,milhouse_van_houten
141,test12623.jpg,bart
142,test12628.jpg,milhouse_van_houten
143,test12663.jpg,bart
144,test12666.jpg,marge_simpson
145,test12677.jpg,ned_flanders
146,test12707.jpg,lisa_simpson
147,test12719.jpg,bart
148,test12837.jpg,ned_flanders
149,test12851.jpg,krusty
150,test12855.jpg,moe_szyslak
151,test12861.jpg,charles_montgomery
152,test12869.jpg,krusty
153,test12879.jpg,charles_montgomery
154,test12901.jpg,marge_simpson
155,test12916.jpg,principal_skinner
156,test12935.jpg,ned_flanders
157,test13063.jpg,moe_szyslak
158,test13079.jpg,marge_simpson
159,test13085.jpg,lisa_simpson
160,test13102.jpg,principal_skinner
161,test13115.jpg,lisa_simpson
162,test13119.jpg,charles_montgomery
163,test13122.jpg,milhouse_van_houten
164,test13141.jpg,milhouse_van_houten
165,test13170.jpg,milhouse_van_houten
166,test13177.jpg,ned_flanders
167,test13183.jpg,moe_szyslak
168,test13197.jpg,milhouse_van_houten
169,test13218.jpg,moe_szyslak
170,test13231.jpg,krusty
171,test13237.jpg,moe_szyslak
172,test13249.jpg,milhouse_van_houten
173,test13253.jpg,principal_skinner
174,test13266.jpg,moe_szyslak
175,test13273.jpg,lisa_simpson
176,test13282.jpg,charles_montgomery
177,test13316.jpg,principal_skinner
178,test13344.jpg,lisa_simpson
179,test13352.jpg,principal_skinner
180,test13357.jpg,krusty
181,test13361.jpg,milhouse_van_houten
182,test13370.jpg,moe_szyslak
183,test13417.jpg,ned_flanders
184,test13426.jpg,marge_simpson
185,test13431.jpg,charles_montgomery
186,test13432.jpg,lisa_simpson
187,test13434.jpg,marge_simpson
188,test13436.jpg,bart
189,test13440.jpg,marge_simpson
190,test13447.jpg,marge_simpson
191,test13455.jpg,principal_skinner
192,test13461.jpg,ned_flanders
193,test13466.jpg,charles_montgomery
194,test13485.jpg,bart
195,test13534.jpg,ned_flanders
196,test13546.jpg,principal_skinner
197,test13569.jpg,milhouse_van_houten
198,test13588.jpg,ned_flanders
199,test13590.jpg,krusty
200,test13621.jpg,charles_montgomery
201,test13637.jpg,ned_flanders
202,test13701.jpg,moe_szyslak
203,test13712.jpg,moe_szyslak
204,test13722.jpg,ned_flanders
205,test13725.jpg,bart
206,test13771.jpg,principal_skinner
207,test13783.jpg,lisa_simpson
208,test13798.jpg,krusty
209,test13821.jpg,marge_simpson
210,test13835.jpg,principal_skinner
211,test13838.jpg,moe_szyslak
212,test13840.jpg,ned_flanders
213,test13867.jpg,lisa_simpson
214,test13886.jpg,moe_szyslak
215,test13906.jpg,marge_simpson
216,test13917.jpg,marge_simpson
217,test13970.jpg,ned_flanders
218,test13990.jpg,krusty
219,test13999.jpg,bart
220,test14031.jpg,principal_skinner
221,test14043.jpg,ned_flanders
222,test14052.jpg,lisa_simpson
223,test14068.jpg,charles_montgomery
224,test14095.jpg,marge_simpson
225,test14096.jpg,milhouse_van_houten
226,test14099.jpg,marge_simpson
227,test14101.jpg,ned_flanders
228,test14105.jpg,bart
229,test14111.jpg,principal_skinner
230,test14131.jpg,moe_szyslak
231,test14139.jpg,bart
232,test14144.jpg,krusty
233,test14164.jpg,krusty
234,test14165.jpg,charles_montgomery
235,test14231.jpg,milhouse_van_houten
236,test14234.jpg,charles_montgomery
237,test14256.jpg,moe_szyslak
238,test14259.jpg,bart
239,test14277.jpg,krusty
240,test14291.jpg,krusty
241,test14298.jpg,milhouse_van_houten
242,test14300.jpg,marge_simpson
243,test14302.jpg,principal_skinner
244,test14316.jpg,marge_simpson
245,test14328.jpg,moe_szyslak
246,test14338.jpg,ned_flanders
247,test14372.jpg,principal_skinner
248,test14385.jpg,ned_flanders
249,test14394.jpg,milhouse_van_houten
250,test14424.jpg,bart
251,test14434.jpg,krusty
252,test14447.jpg,principal_skinner
253,test14454.jpg,milhouse_van_houten
254,test14513.jpg,krusty
255,test14515.jpg,principal_skinner
256,test14516.jpg,bart
257,test14536.jpg,milhouse_van_houten
258,test14537.jpg,marge_simpson
259,test14542.jpg,bart
260,test14570.jpg,principal_skinner
261,test14586.jpg,lisa_simpson
262,test14601.jpg,milhouse_van_houten
263,test14638.jpg,marge_simpson
264,test14641.jpg,milhouse_van_houten
265,test14681.jpg,moe_szyslak
266,test14683.jpg,moe_szyslak
267,test14691.jpg,ned_flanders
268,test14693.jpg,moe_szyslak
269,test14728.jpg,ned_flanders
270,test14747.jpg,lisa_simpson
271,test14759.jpg,bart
272,test14769.jpg,marge_simpson
273,test14778.jpg,bart
274,test14795.jpg,milhouse_van_houten
275,test14813.jpg,moe_szyslak
276,test14849.jpg,bart
277,test14871.jpg,milhouse_van_houten
278,test14876.jpg,bart
279,test14891.jpg,lisa_simpson
280,test14905.jpg,milhouse_van_houten
281,test14921.jpg,marge_simpson
282,test14941.jpg,krusty
283,test14946.jpg,marge_simpson
284,test14963.jpg,principal_skinner
285,test14966.jpg,moe_szyslak
286,test14968.jpg,charles_montgomery
287,test14972.jpg,charles_montgomery
288,test15024.jpg,lisa_simpson
289,test15052.jpg,moe_szyslak
290,test15060.jpg,lisa_simpson
291,test15065.jpg,principal_skinner
292,test15073.jpg,ned_flanders
293,test15080.jpg,lisa_simpson
294,test15109.jpg,marge_simpson
295,test15121.jpg,bart
296,test15133.jpg,bart
297,test15136.jpg,principal_skinner
298,test15156.jpg,marge_simpson
299,test15194.jpg,krusty
300,test15195.jpg,charles_montgomery
301,test15201.jpg,marge_simpson
302,test15217.jpg,principal_skinner
303,test15229.jpg,krusty
304,test15256.jpg,milhouse_van_houten
305,test15274.jpg,ned_flanders
306,test15286.jpg,krusty
307,test15302.jpg,principal_skinner
308,test15308.jpg,ned_flanders
309,test15357.jpg,principal_skinner
310,test15450.jpg,bart
311,test15451.jpg,krusty
312,test15454.jpg,milhouse_van_houten
313,test15463.jpg,milhouse_van_houten
314,test15490.jpg,marge_simpson
315,test15511.jpg,lisa_simpson
316,test15596.jpg,lisa_simpson
317,test15648.jpg,milhouse_van_houten
318,test15664.jpg,ned_flanders
319,test15668.jpg,ned_flanders
320,test15678.jpg,milhouse_van_houten
321,test15694.jpg,principal_skinner
322,test15703.jpg,principal_skinner
323,test15712.jpg,krusty
324,test15716.jpg,moe_szyslak
325,test15744.jpg,bart
326,test15766.jpg,ned_flanders
327,test15786.jpg,bart
328,test15795.jpg,krusty
329,test15796.jpg,bart
330,test15847.jpg,moe_szyslak
331,test15876.jpg,ned_flanders
332,test15890.jpg,moe_szyslak
333,test15900.jpg,moe_szyslak
334,test15939.jpg,milhouse_van_houten
335,test15954.jpg,milhouse_van_houten
336,test15974.jpg,charles_montgomery
337,test15996.jpg,marge_simpson
338,test16007.jpg,charles_montgomery
339,test16019.jpg,krusty
340,test16024.jpg,lisa_simpson
341,test16040.jpg,marge_simpson
342,test16089.jpg,milhouse_van_houten
343,test16094.jpg,bart
344,test16097.jpg,ned_flanders
345,test16119.jpg,lisa_simpson
346,test16125.jpg,bart
347,test16133.jpg,ned_flanders
348,test16135.jpg,charles_montgomery
349,test16150.jpg,krusty
350,test16154.jpg,bart
351,test16204.jpg,marge_simpson
352,test16229.jpg,lisa_simpson
353,test16242.jpg,moe_szyslak
354,test16273.jpg,moe_szyslak
355,test16295.jpg,charles_montgomery
356,test16296.jpg,krusty
357,test16309.jpg,krusty
358,test16312.jpg,ned_flanders
359,test16357.jpg,charles_montgomery
360,test16379.jpg,bart
361,test16394.jpg,milhouse_van_houten
362,test16409.jpg,milhouse_van_houten
363,test16440.jpg,ned_flanders
364,test16451.jpg,milhouse_van_houten
365,test16461.jpg,lisa_simpson
366,test16483.jpg,lisa_simpson
367,test16524.jpg,moe_szyslak
368,test16532.jpg,moe_szyslak
369,test16548.jpg,charles_montgomery
370,test16565.jpg,ned_flanders
371,test16571.jpg,ned_flanders
372,test16578.jpg,milhouse_van_houten
373,test16669.jpg,marge_simpson
374,test16685.jpg,bart
375,test16715.jpg,lisa_simpson
376,test16719.jpg,moe_szyslak
377,test16730.jpg,principal_skinner
378,test16737.jpg,marge_simpson
379,test16748.jpg,milhouse_van_houten
380,test16754.jpg,marge_simpson
381,test16783.jpg,bart
382,test16791.jpg,milhouse_van_houten
383,test16858.jpg,marge_simpson
384,test16863.jpg,krusty
385,test16883.jpg,moe_szyslak
386,test16890.jpg,marge_simpson
387,test16925.jpg,principal_skinner
388,test17037.jpg,ned_flanders
389,test17067.jpg,krusty
390,test17078.jpg,principal_skinner
391,test17187.jpg,ned_flanders
392,test17199.jpg,bart
393,test17202.jpg,marge_simpson
394,test17235.jpg,principal_skinner
395,test17270.jpg,ned_flanders
396,test17317.jpg,milhouse_van_houten
397,test17321.jpg,krusty
398,test17330.jpg,krusty
399,test17355.jpg,bart
400,test17373.jpg,principal_skinner
401,test17375.jpg,marge_simpson
402,test17382.jpg,marge_simpson
403,test17385.jpg,moe_szyslak
404,test17401.jpg,ned_flanders
405,test17414.jpg,bart
406,test17439.jpg,bart
407,test17448.jpg,marge_simpson
408,test17483.jpg,krusty
409,test17499.jpg,marge_simpson
410,test17552.jpg,charles_montgomery
411,test17564.jpg,ned_flanders
412,test17566.jpg,bart
413,test17612.jpg,bart
414,test17643.jpg,lisa_simpson
415,test17645.jpg,milhouse_van_houten
416,test17694.jpg,milhouse_van_houten
417,test17695.jpg,milhouse_van_houten
418,test17709.jpg,milhouse_van_houten
419,test17715.jpg,charles_montgomery
420,test17738.jpg,charles_montgomery
421,test17828.jpg,milhouse_van_houten
422,test17836.jpg,principal_skinner
423,test17840.jpg,marge_simpson
424,test17883.jpg,principal_skinner
425,test17890.jpg,moe_szyslak
426,test17894.jpg,krusty
427,test17903.jpg,lisa_simpson
428,test17924.jpg,lisa_simpson
429,test17954.jpg,moe_szyslak
430,test17997.jpg,ned_flanders
431,test18008.jpg,charles_montgomery
432,test18036.jpg,principal_skinner
433,test18055.jpg,marge_simpson
434,test18056.jpg,marge_simpson
435,test18058.jpg,principal_skinner
436,test18066.jpg,principal_skinner
437,test18075.jpg,marge_simpson
438,test18087.jpg,bart
439,test18151.jpg,lisa_simpson
440,test18177.jpg,principal_skinner
441,test18179.jpg,ned_flanders
442,test18200.jpg,milhouse_van_houten
443,test18236.jpg,bart
444,test18279.jpg,marge_simpson
445,test18282.jpg,principal_skinner
446,test18289.jpg,bart
447,test18302.jpg,charles_montgomery
448,test18303.jpg,charles_montgomery
449,test18307.jpg,milhouse_van_houten
450,test18326.jpg,charles_montgomery
451,test18329.jpg,marge_simpson
452,test18364.jpg,bart
453,test18372.jpg,lisa_simpson
454,test18376.jpg,krusty
455,test18385.jpg,marge_simpson
456,test18391.jpg,marge_simpson
457,test18406.jpg,charles_montgomery
458,test18422.jpg,milhouse_van_houten
459,test18435.jpg,ned_flanders
460,test18448.jpg,principal_skinner
461,test18464.jpg,principal_skinner
462,test18482.jpg,bart
463,test18503.jpg,krusty
464,test18530.jpg,moe_szyslak
465,test18551.jpg,marge_simpson
466,test18563.jpg,moe_szyslak
467,test18565.jpg,principal_skinner
468,test18647.jpg,moe_szyslak
469,test18655.jpg,lisa_simpson
470,test18661.jpg,krusty
471,test18669.jpg,moe_szyslak
472,test18714.jpg,principal_skinner
473,test18765.jpg,charles_montgomery
474,test18781.jpg,principal_skinner
475,test18792.jpg,lisa_simpson
476,test18794.jpg,krusty
477,test18810.jpg,marge_simpson
478,test18840.jpg,milhouse_van_houten
479,test18880.jpg,lisa_simpson
480,test18884.jpg,krusty
481,test18887.jpg,milhouse_van_houten
482,test18890.jpg,lisa_simpson
483,test18893.jpg,principal_skinner
484,test18923.jpg,principal_skinner
485,test18937.jpg,principal_skinner
486,test18947.jpg,charles_montgomery
487,test18959.jpg,ned_flanders
488,test18968.jpg,moe_szyslak
489,test18987.jpg,lisa_simpson
490,test19000.jpg,milhouse_van_houten
491,test19020.jpg,marge_simpson
492,test19028.jpg,marge_simpson
493,test19050.jpg,bart
494,test19052.jpg,marge_simpson
495,test19100.jpg,bart
496,test19126.jpg,lisa_simpson
497,test19131.jpg,charles_montgomery
498,test19156.jpg,ned_flanders
499,test19163.jpg,ned_flanders
500,test19174.jpg,ned_flanders
501,test19198.jpg,marge_simpson
502,test19210.jpg,principal_skinner
503,test19219.jpg,moe_szyslak
504,test19227.jpg,milhouse_van_houten
505,test19229.jpg,principal_skinner
506,test19235.jpg,milhouse_van_houten
507,test19237.jpg,milhouse_van_houten
508,test19248.jpg,marge_simpson
509,test19265.jpg,principal_skinner
510,test19367.jpg,marge_simpson
511,test19384.jpg,principal_skinner
512,test19426.jpg,lisa_simpson
513,test19461.jpg,milhouse_van_houten
514,test19518.jpg,krusty
515,test19530.jpg,krusty
516,test19538.jpg,principal_skinner
517,test19577.jpg,milhouse_van_houten
518,test19589.jpg,principal_skinner
519,test19600.jpg,lisa_simpson
520,test19617.jpg,principal_skinner
521,test19665.jpg,charles_montgomery
522,test19667.jpg,lisa_simpson
523,test19690.jpg,charles_montgomery
524,test19703.jpg,marge_simpson
525,test19704.jpg,krusty
526,test19715.jpg,charles_montgomery
527,test19765.jpg,moe_szyslak
528,test19780.jpg,lisa_simpson
529,test19789.jpg,lisa_simpson
530,test19797.jpg,bart
531,test19879.jpg,ned_flanders
532,test19891.jpg,krusty
533,test19901.jpg,marge_simpson
534,test19909.jpg,bart
535,test19937.jpg,milhouse_van_houten
536,test19941.jpg,krusty
537,test20014.jpg,bart
538,test20020.jpg,marge_simpson
539,test20034.jpg,lisa_simpson
540,test20068.jpg,milhouse_van_houten
541,test20104.jpg,bart
542,test20111.jpg,lisa_simpson
543,test20120.jpg,milhouse_van_houten
544,test20135.jpg,principal_skinner
545,test20183.jpg,krusty
546,test20210.jpg,marge_simpson
547,test20240.jpg,milhouse_van_houten
548,test20250.jpg,ned_flanders
549,test20258.jpg,krusty
550,test20275.jpg,bart
551,test20306.jpg,milhouse_van_houten
552,test20308.jpg,moe_szyslak
553,test20315.jpg,moe_szyslak
554,test20343.jpg,moe_szyslak
555,test20350.jpg,principal_skinner
556,test20351.jpg,milhouse_van_houten
557,test20355.jpg,moe_szyslak
558,test20358.jpg,ned_flanders
559,test20363.jpg,principal_skinner
560,test20423.jpg,krusty
561,test20436.jpg,marge_simpson
562,test20447.jpg,bart
563,test20449.jpg,ned_flanders
564,test20458.jpg,krusty
565,test20459.jpg,bart
566,test20474.jpg,bart
567,test20506.jpg,moe_szyslak
568,test20536.jpg,principal_skinner
569,test20540.jpg,principal_skinner
570,test20587.jpg,bart
571,test20592.jpg,bart
572,test20615.jpg,charles_montgomery
573,test20633.jpg,marge_simpson
574,test20645.jpg,lisa_simpson
575,test20700.jpg,moe_szyslak
576,test20708.jpg,lisa_simpson
577,test20722.jpg,marge_simpson
578,test20726.jpg,ned_flanders
579,test20729.jpg,krusty
580,test20750.jpg,lisa_simpson
581,test20761.jpg,charles_montgomery
582,test20780.jpg,principal_skinner
583,test20786.jpg,ned_flanders
584,test20828.jpg,bart
585,test20854.jpg,krusty
586,test20858.jpg,principal_skinner
587,test20879.jpg,milhouse_van_houten
588,test20913.jpg,bart
589,test20919.jpg,lisa_simpson
590,test20931.jpg,bart
591,test20943.jpg,lisa_simpson
592,test20958.jpg,ned_flanders
593,test20985.jpg,marge_simpson
594,test21007.jpg,charles_montgomery
595,test21021.jpg,charles_montgomery
596,test21035.jpg,bart
597,test21053.jpg,milhouse_van_houten
598,test21085.jpg,moe_szyslak
599,test21121.jpg,bart
600,test21125.jpg,marge_simpson
601,test21140.jpg,marge_simpson
602,test21141.jpg,lisa_simpson
603,test21225.jpg,bart
604,test21239.jpg,charles_montgomery
605,test21240.jpg,marge_simpson
606,test21245.jpg,bart
607,test21282.jpg,lisa_simpson
608,test21285.jpg,lisa_simpson
609,test21298.jpg,moe_szyslak
610,test21327.jpg,moe_szyslak
611,test21338.jpg,bart
612,test21343.jpg,bart
613,test21373.jpg,milhouse_van_houten
614,test21398.jpg,principal_skinner
615,test21432.jpg,lisa_simpson
616,test21436.jpg,marge_simpson
617,test21449.jpg,lisa_simpson
618,test21466.jpg,principal_skinner
619,test21488.jpg,lisa_simpson
620,test21495.jpg,moe_szyslak
621,test21497.jpg,milhouse_van_houten
622,test21503.jpg,lisa_simpson
623,test21575.jpg,ned_flanders
624,test21618.jpg,ned_flanders
625,test21625.jpg,lisa_simpson
626,test21661.jpg,lisa_simpson
627,test21700.jpg,ned_flanders
628,test21727.jpg,bart
629,test21732.jpg,krusty
630,test21734.jpg,moe_szyslak
631,test21763.jpg,moe_szyslak
632,test21781.jpg,ned_flanders
633,test21807.jpg,marge_simpson
634,test21808.jpg,lisa_simpson
635,test21824.jpg,ned_flanders
636,test21843.jpg,milhouse_van_houten
637,test21847.jpg,lisa_simpson
638,test21853.jpg,lisa_simpson
639,test21896.jpg,lisa_simpson
640,test21904.jpg,krusty
641,test21909.jpg,marge_simpson
642,test21923.jpg,moe_szyslak
643,test21941.jpg,lisa_simpson
644,test21968.jpg,principal_skinner
645,test21981.jpg,ned_flanders
646,test22089.jpg,marge_simpson
647,test22114.jpg,principal_skinner
648,test22123.jpg,krusty
649,test22131.jpg,lisa_simpson
650,test22228.jpg,krusty
651,test22264.jpg,marge_simpson
652,test22277.jpg,charles_montgomery
653,test22278.jpg,lisa_simpson
654,test22291.jpg,krusty
655,test22294.jpg,milhouse_van_houten
656,test22318.jpg,bart
657,test22326.jpg,krusty
658,test22361.jpg,principal_skinner
659,test22366.jpg,milhouse_van_houten
660,test22417.jpg,krusty
661,test22420.jpg,krusty
662,test22424.jpg,moe_szyslak
663,test22435.jpg,krusty
664,test22447.jpg,lisa_simpson
665,test22449.jpg,krusty
666,test22454.jpg,lisa_simpson
667,test22469.jpg,moe_szyslak
668,test22490.jpg,milhouse_van_houten
669,test22520.jpg,krusty
670,test22578.jpg,milhouse_van_houten
671,test22612.jpg,moe_szyslak
672,test22613.jpg,marge_simpson
673,test22617.jpg,principal_skinner
674,test22621.jpg,ned_flanders
675,test22631.jpg,principal_skinner
676,test22636.jpg,krusty
677,test22648.jpg,ned_flanders
678,test22678.jpg,milhouse_van_houten
679,test22687.jpg,moe_szyslak
680,test22690.jpg,ned_flanders
681,test22720.jpg,ned_flanders
682,test22732.jpg,charles_montgomery
683,test22748.jpg,krusty
684,test22784.jpg,lisa_simpson
685,test22811.jpg,charles_montgomery
686,test22813.jpg,lisa_simpson
687,test22833.jpg,charles_montgomery
688,test22849.jpg,milhouse_van_houten
689,test22866.jpg,ned_flanders
690,test22890.jpg,marge_simpson
691,test22901.jpg,marge_simpson
692,test22919.jpg,milhouse_van_houten
693,test22939.jpg,lisa_simpson
694,test22946.jpg,lisa_simpson
695,test22952.jpg,krusty
696,test22968.jpg,milhouse_van_houten
697,test22978.jpg,principal_skinner
698,test22980.jpg,bart
699,test23061.jpg,bart
700,test23065.jpg,lisa_simpson
701,test23102.jpg,ned_flanders
702,test23103.jpg,lisa_simpson
703,test23141.jpg,principal_skinner
704,test23168.jpg,lisa_simpson
705,test23172.jpg,krusty
706,test23174.jpg,bart
707,test23186.jpg,principal_skinner
708,test23192.jpg,ned_flanders
709,test23197.jpg,marge_simpson
710,test23223.jpg,lisa_simpson
711,test23236.jpg,lisa_simpson
712,test23265.jpg,ned_flanders
713,test23266.jpg,principal_skinner
714,test23276.jpg,principal_skinner
715,test23281.jpg,marge_simpson
716,test23286.jpg,marge_simpson
717,test23312.jpg,principal_skinner
718,test23349.jpg,lisa_simpson
719,test23354.jpg,lisa_simpson
720,test23355.jpg,bart
721,test23408.jpg,ned_flanders
722,test23428.jpg,lisa_simpson
723,test23438.jpg,principal_skinner
724,test23445.jpg,charles_montgomery
725,test23482.jpg,marge_simpson
726,test23507.jpg,milhouse_van_houten
727,test23530.jpg,moe_szyslak
728,test23535.jpg,ned_flanders
729,test23564.jpg,marge_simpson
730,test23605.jpg,bart
731,test23607.jpg,ned_flanders
732,test23630.jpg,principal_skinner
733,test23641.jpg,bart
734,test23643.jpg,ned_flanders
735,test23684.jpg,krusty
736,test23705.jpg,lisa_simpson
737,test23751.jpg,marge_simpson
738,test23785.jpg,lisa_simpson
739,test23791.jpg,marge_simpson
740,test23796.jpg,principal_skinner
741,test23816.jpg,krusty
742,test23825.jpg,moe_szyslak
743,test23832.jpg,principal_skinner
744,test23839.jpg,bart
745,test23861.jpg,marge_simpson
746,test23885.jpg,marge_simpson
747,test23903.jpg,principal_skinner
748,test23906.jpg,moe_szyslak
749,test23908.jpg,krusty
750,test23921.jpg,ned_flanders
751,test23934.jpg,principal_skinner
752,test23940.jpg,bart
753,test23941.jpg,lisa_simpson
754,test23948.jpg,ned_flanders
755,test23973.jpg,ned_flanders
756,test23996.jpg,milhouse_van_houten
757,test23997.jpg,krusty
758,test24008.jpg,principal_skinner
759,test24027.jpg,principal_skinner
760,test24044.jpg,moe_szyslak
761,test24061.jpg,moe_szyslak
762,test24076.jpg,moe_szyslak
763,test24143.jpg,principal_skinner
764,test24145.jpg,ned_flanders
765,test24149.jpg,krusty
766,test24160.jpg,lisa_simpson
767,test24189.jpg,krusty
768,test24262.jpg,bart
769,test24273.jpg,bart
770,test24284.jpg,bart
771,test24293.jpg,milhouse_van_houten
772,test24297.jpg,krusty
773,test24299.jpg,bart
774,test24314.jpg,milhouse_van_houten
775,test24334.jpg,moe_szyslak
776,test24344.jpg,milhouse_van_houten
777,test24369.jpg,moe_szyslak
778,test24380.jpg,lisa_simpson
779,test24441.jpg,ned_flanders
780,test24443.jpg,milhouse_van_houten
781,test24464.jpg,milhouse_van_houten
782,test24473.jpg,charles_montgomery
783,test24521.jpg,principal_skinner
784,test24522.jpg,moe_szyslak
785,test24525.jpg,marge_simpson
786,test24540.jpg,krusty
787,test24591.jpg,lisa_simpson
788,test24598.jpg,moe_szyslak
789,test24602.jpg,bart
790,test24616.jpg,ned_flanders
791,test24624.jpg,milhouse_van_houten
792,test24654.jpg,principal_skinner
793,test24676.jpg,lisa_simpson
794,test24686.jpg,bart
795,test24688.jpg,milhouse_van_houten
796,test24702.jpg,principal_skinner
797,test24726.jpg,bart
798,test24760.jpg,principal_skinner
799,test24761.jpg,bart
800,test24842.jpg,moe_szyslak
801,test24902.jpg,milhouse_van_houten
802,test24908.jpg,ned_flanders
803,test24928.jpg,marge_simpson
804,test24938.jpg,marge_simpson
805,test24961.jpg,lisa_simpson
806,test24968.jpg,ned_flanders
807,test24977.jpg,milhouse_van_houten
808,test24995.jpg,moe_szyslak
809,test25022.jpg,moe_szyslak
810,test25124.jpg,ned_flanders
811,test25125.jpg,moe_szyslak
812,test25169.jpg,krusty
813,test25171.jpg,milhouse_van_houten
814,test25173.jpg,ned_flanders
815,test25208.jpg,milhouse_van_houten
816,test25212.jpg,lisa_simpson
817,test25214.jpg,bart
818,test25223.jpg,milhouse_van_houten
819,test25245.jpg,marge_simpson
820,test25273.jpg,milhouse_van_houten
821,test25299.jpg,marge_simpson
822,test25324.jpg,charles_montgomery
823,test25335.jpg,bart
824,test25338.jpg,principal_skinner
825,test25376.jpg,ned_flanders
826,test25411.jpg,lisa_simpson
827,test25442.jpg,milhouse_van_houten
828,test25443.jpg,milhouse_van_houten
829,test25467.jpg,lisa_simpson
830,test25483.jpg,lisa_simpson
831,test25505.jpg,marge_simpson
832,test25507.jpg,principal_skinner
833,test25514.jpg,bart
834,test25567.jpg,moe_szyslak
835,test25585.jpg,bart
836,test25596.jpg,milhouse_van_houten
837,test25614.jpg,marge_simpson
838,test25633.jpg,charles_montgomery
839,test25637.jpg,krusty
840,test25679.jpg,milhouse_van_houten
841,test25723.jpg,lisa_simpson
842,test25785.jpg,moe_szyslak
843,test25819.jpg,marge_simpson
844,test25847.jpg,marge_simpson
845,test25852.jpg,milhouse_van_houten
846,test25857.jpg,lisa_simpson
847,test25858.jpg,charles_montgomery
848,test25916.jpg,lisa_simpson
849,test25946.jpg,ned_flanders
850,test25954.jpg,ned_flanders
851,test25961.jpg,principal_skinner
852,test25966.jpg,principal_skinner
853,test26001.jpg,lisa_simpson
854,test26002.jpg,ned_flanders
855,test26020.jpg,charles_montgomery
856,test26028.jpg,moe_szyslak
857,test26041.jpg,krusty
858,test26058.jpg,milhouse_van_houten
859,test26077.jpg,ned_flanders
860,test26129.jpg,moe_szyslak
861,test26161.jpg,milhouse_van_houten
862,test26163.jpg,bart
863,test26173.jpg,ned_flanders
864,test26197.jpg,ned_flanders
865,test26199.jpg,charles_montgomery
866,test26207.jpg,bart
867,test26211.jpg,bart
868,test26233.jpg,principal_skinner
869,test26256.jpg,marge_simpson
870,test26259.jpg,principal_skinner
871,test26270.jpg,milhouse_van_houten
872,test26276.jpg,lisa_simpson
873,test26316.jpg,milhouse_van_houten
874,test26323.jpg,moe_szyslak
875,test26328.jpg,milhouse_van_houten
876,test26340.jpg,ned_flanders
877,test26354.jpg,marge_simpson
878,test26357.jpg,moe_szyslak
879,test26413.jpg,principal_skinner
880,test26420.jpg,marge_simpson
881,test26444.jpg,principal_skinner
882,test26446.jpg,principal_skinner
883,test26458.jpg,moe_szyslak
884,test26476.jpg,bart
885,test26481.jpg,lisa_simpson
886,test26495.jpg,ned_flanders
887,test26503.jpg,lisa_simpson
888,test26512.jpg,marge_simpson
889,test26525.jpg,milhouse_van_houten
890,test26526.jpg,principal_skinner
891,test26538.jpg,charles_montgomery
892,test26549.jpg,marge_simpson
893,test26568.jpg,ned_flanders
894,test26590.jpg,moe_szyslak
895,test26606.jpg,milhouse_van_houten
896,test26611.jpg,bart
897,test26663.jpg,krusty
898,test26666.jpg,krusty
899,test26673.jpg,milhouse_van_houten
900,test26676.jpg,charles_montgomery
901,test26685.jpg,principal_skinner
902,test26691.jpg,marge_simpson
903,test26697.jpg,bart
904,test26706.jpg,ned_flanders
905,test26725.jpg,charles_montgomery
906,test26736.jpg,moe_szyslak
907,test26737.jpg,lisa_simpson
908,test26741.jpg,principal_skinner
909,test26759.jpg,principal_skinner
910,test26760.jpg,krusty
911,test26768.jpg,marge_simpson
912,test26770.jpg,charles_montgomery
913,test26778.jpg,milhouse_van_houten
914,test26784.jpg,principal_skinner
915,test26799.jpg,bart
916,test26822.jpg,lisa_simpson
917,test26850.jpg,bart
918,test26887.jpg,principal_skinner
919,test26910.jpg,lisa_simpson
920,test26923.jpg,ned_flanders
921,test26936.jpg,lisa_simpson
922,test26996.jpg,krusty
923,test27067.jpg,bart
924,test27071.jpg,moe_szyslak
925,test27074.jpg,charles_montgomery
926,test27086.jpg,lisa_simpson
927,test27088.jpg,marge_simpson
928,test27103.jpg,moe_szyslak
929,test27112.jpg,moe_szyslak
930,test27115.jpg,krusty
931,test27127.jpg,marge_simpson
932,test27150.jpg,krusty
933,test27171.jpg,krusty
934,test27183.jpg,marge_simpson
935,test27191.jpg,krusty
936,test27197.jpg,krusty
937,test27219.jpg,principal_skinner
938,test27250.jpg,ned_flanders
939,test27251.jpg,bart
940,test27258.jpg,lisa_simpson
941,test27266.jpg,ned_flanders
942,test27288.jpg,bart
943,test27292.jpg,marge_simpson
944,test27296.jpg,principal_skinner
945,test27324.jpg,lisa_simpson
946,test27336.jpg,marge_simpson
947,test27344.jpg,moe_szyslak
948,test27357.jpg,marge_simpson
949,test27395.jpg,ned_flanders
950,test27396.jpg,marge_simpson
951,test27412.jpg,bart
952,test27413.jpg,moe_szyslak
953,test27419.jpg,moe_szyslak
954,test27420.jpg,charles_montgomery
955,test27440.jpg,lisa_simpson
956,test27461.jpg,krusty
957,test27465.jpg,lisa_simpson
958,test27475.jpg,principal_skinner
959,test27538.jpg,marge_simpson
960,test27544.jpg,milhouse_van_houten
961,test27561.jpg,principal_skinner
962,test27585.jpg,lisa_simpson
963,test27600.jpg,bart
964,test27610.jpg,lisa_simpson
965,test27649.jpg,lisa_simpson
966,test27678.jpg,principal_skinner
967,test27709.jpg,ned_flanders
968,test27721.jpg,lisa_simpson
969,test27724.jpg,moe_szyslak
970,test27734.jpg,moe_szyslak
971,test27743.jpg,principal_skinner
972,test27836.jpg,moe_szyslak
973,test27851.jpg,moe_szyslak
974,test27856.jpg,ned_flanders
975,test27867.jpg,moe_szyslak
976,test27876.jpg,marge_simpson
977,test27897.jpg,charles_montgomery
978,test27902.jpg,charles_montgomery
979,test27906.jpg,moe_szyslak
980,test27925.jpg,lisa_simpson
981,test27934.jpg,bart
982,test27951.jpg,principal_skinner
983,test27992.jpg,charles_montgomery
984,test28004.jpg,principal_skinner
985,test28005.jpg,krusty
986,test28046.jpg,lisa_simpson
987,test28109.jpg,charles_montgomery
988,test28125.jpg,principal_skinner
989,test28138.jpg,lisa_simpson
990,test28143.jpg,krusty
991,test28155.jpg,krusty
992,test28173.jpg,milhouse_van_houten
993,test28186.jpg,charles_montgomery
994,test28197.jpg,ned_flanders
995,test28208.jpg,marge_simpson
996,test28251.jpg,charles_montgomery
997,test28272.jpg,marge_simpson
998,test28283.jpg,marge_simpson
999,test28304.jpg,principal_skinner
1000,test28360.jpg,bart
1001,test28372.jpg,marge_simpson
1002,test28377.jpg,charles_montgomery
1003,test28385.jpg,marge_simpson
1004,test28400.jpg,bart
1005,test28408.jpg,principal_skinner
1006,test28409.jpg,milhouse_van_houten
1007,test28411.jpg,marge_simpson
1008,test28429.jpg,marge_simpson
1009,test28460.jpg,ned_flanders
1010,test28469.jpg,lisa_simpson
1011,test28471.jpg,moe_szyslak
1012,test28476.jpg,principal_skinner
1013,test28488.jpg,charles_montgomery
1014,test28496.jpg,moe_szyslak
1015,test28529.jpg,marge_simpson
1016,test28601.jpg,lisa_simpson
1017,test28604.jpg,moe_szyslak
1018,test28618.jpg,moe_szyslak
1019,test28681.jpg,krusty
1020,test28695.jpg,lisa_simpson
1021,test28723.jpg,principal_skinner
1022,test28841.jpg,charles_montgomery
1023,test28846.jpg,principal_skinner
1024,test28871.jpg,marge_simpson
1025,test28882.jpg,moe_szyslak
1026,test28917.jpg,principal_skinner
1027,test28918.jpg,charles_montgomery
1028,test28921.jpg,lisa_simpson
1029,test28928.jpg,charles_montgomery
1030,test28944.jpg,milhouse_van_houten
1031,test28960.jpg,principal_skinner
1032,test28984.jpg,principal_skinner
1033,test29000.jpg,lisa_simpson
1034,test29013.jpg,moe_szyslak
1035,test29019.jpg,moe_szyslak
1036,test29045.jpg,marge_simpson
1037,test29069.jpg,marge_simpson
1038,test29072.jpg,bart
1039,test29088.jpg,marge_simpson
1040,test29099.jpg,charles_montgomery
1041,test29152.jpg,moe_szyslak
1042,test29157.jpg,milhouse_van_houten
1043,test29169.jpg,bart
1044,test29223.jpg,principal_skinner
1045,test29241.jpg,milhouse_van_houten
1046,test29277.jpg,marge_simpson
1047,test29305.jpg,charles_montgomery
1048,test29306.jpg,lisa_simpson
1049,test29411.jpg,bart
1050,test29416.jpg,principal_skinner
1051,test29493.jpg,milhouse_van_houten
1052,test29516.jpg,marge_simpson
1053,test29527.jpg,krusty
1054,test29531.jpg,lisa_simpson
1055,test29553.jpg,bart
1056,test29557.jpg,lisa_simpson
1057,test29609.jpg,ned_flanders
1058,test29652.jpg,moe_szyslak
1059,test29664.jpg,lisa_simpson
1060,test29666.jpg,marge_simpson
1061,test29674.jpg,principal_skinner
1062,test29685.jpg,principal_skinner
1063,test29692.jpg,moe_szyslak
1064,test29723.jpg,charles_montgomery
1065,test29726.jpg,ned_flanders
1066,test29734.jpg,charles_montgomery
1067,test29738.jpg,lisa_simpson
1068,test29765.jpg,ned_flanders
1069,test29775.jpg,ned_flanders
1070,test29827.jpg,lisa_simpson
1071,test29829.jpg,milhouse_van_houten
1072,test29845.jpg,principal_skinner
1073,test29878.jpg,principal_skinner
1074,test29888.jpg,milhouse_van_houten
1075,test29895.jpg,principal_skinner
1076,test29918.jpg,moe_szyslak
1077,test29927.jpg,principal_skinner
1078,test29929.jpg,charles_montgomery
1079,test29930.jpg,ned_flanders
1080,test29939.jpg,moe_szyslak
1081,test29955.jpg,krusty
1082,test29959.jpg,moe_szyslak
1083,test29963.jpg,krusty
1084,test29984.jpg,milhouse_van_houten
1085,test29998.jpg,krusty
